{
  "Select Pet-79" : {
    "transaction" : "Select Pet-79",
    "sampleCount" : 12,
    "errorCount" : 0,
    "errorPct" : 0.0,
    "meanResTime" : 233.91666666666669,
    "medianResTime" : 225.0,
    "minResTime" : 211.0,
    "maxResTime" : 319.0,
    "pct1ResTime" : 301.6000000000001,
    "pct2ResTime" : 319.0,
    "pct3ResTime" : 319.0,
    "throughput" : 1.0325245224574084,
    "receivedKBytesPerSec" : 3.960699535363965,
    "sentKBytesPerSec" : 0.6352445792462571
  },
  "Add pet to cart-83" : {
    "transaction" : "Add pet to cart-83",
    "sampleCount" : 12,
    "errorCount" : 0,
    "errorPct" : 0.0,
    "meanResTime" : 248.33333333333331,
    "medianResTime" : 237.0,
    "minResTime" : 215.0,
    "maxResTime" : 316.0,
    "pct1ResTime" : 307.3,
    "pct2ResTime" : 316.0,
    "pct3ResTime" : 316.0,
    "throughput" : 1.026694045174538,
    "receivedKBytesPerSec" : 4.676270533880904,
    "sentKBytesPerSec" : 0.6567232417864476
  },
  "Payment Address-85" : {
    "transaction" : "Payment Address-85",
    "sampleCount" : 12,
    "errorCount" : 0,
    "errorPct" : 0.0,
    "meanResTime" : 240.08333333333331,
    "medianResTime" : 237.5,
    "minResTime" : 217.0,
    "maxResTime" : 295.0,
    "pct1ResTime" : 281.50000000000006,
    "pct2ResTime" : 295.0,
    "pct3ResTime" : 295.0,
    "throughput" : 1.0245026893195595,
    "receivedKBytesPerSec" : 4.506211047554,
    "sentKBytesPerSec" : 1.2876317980022198
  },
  "Select Pet type-80" : {
    "transaction" : "Select Pet type-80",
    "sampleCount" : 12,
    "errorCount" : 0,
    "errorPct" : 0.0,
    "meanResTime" : 231.08333333333334,
    "medianResTime" : 230.5,
    "minResTime" : 216.0,
    "maxResTime" : 265.0,
    "pct1ResTime" : 258.1,
    "pct2ResTime" : 265.0,
    "pct3ResTime" : 265.0,
    "throughput" : 1.033947957952783,
    "receivedKBytesPerSec" : 4.1458889798380145,
    "sentKBytesPerSec" : 0.6684311993796312
  },
  "Select sub type" : {
    "transaction" : "Select sub type",
    "sampleCount" : 12,
    "errorCount" : 0,
    "errorPct" : 0.0,
    "meanResTime" : 240.83333333333334,
    "medianResTime" : 234.5,
    "minResTime" : 219.0,
    "maxResTime" : 343.0,
    "pct1ResTime" : 312.4000000000001,
    "pct2ResTime" : 343.0,
    "pct3ResTime" : 343.0,
    "throughput" : 1.0335027129446215,
    "receivedKBytesPerSec" : 3.842328933769701,
    "sentKBytesPerSec" : 0.6610783954870381
  },
  "Proceed to checkout" : {
    "transaction" : "Proceed to checkout",
    "sampleCount" : 12,
    "errorCount" : 0,
    "errorPct" : 0.0,
    "meanResTime" : 238.66666666666669,
    "medianResTime" : 230.0,
    "minResTime" : 213.0,
    "maxResTime" : 319.0,
    "pct1ResTime" : 300.4000000000001,
    "pct2ResTime" : 319.0,
    "pct3ResTime" : 319.0,
    "throughput" : 1.0274852298998203,
    "receivedKBytesPerSec" : 4.236704234095384,
    "sentKBytesPerSec" : 0.6461918828666838
  },
  "Select sub type-81" : {
    "transaction" : "Select sub type-81",
    "sampleCount" : 12,
    "errorCount" : 0,
    "errorPct" : 0.0,
    "meanResTime" : 240.83333333333334,
    "medianResTime" : 234.5,
    "minResTime" : 219.0,
    "maxResTime" : 343.0,
    "pct1ResTime" : 312.4000000000001,
    "pct2ResTime" : 343.0,
    "pct3ResTime" : 343.0,
    "throughput" : 1.034928848641656,
    "receivedKBytesPerSec" : 3.847630983182406,
    "sentKBytesPerSec" : 0.6619906209573091
  },
  "Payment Confirmation" : {
    "transaction" : "Payment Confirmation",
    "sampleCount" : 12,
    "errorCount" : 12,
    "errorPct" : 100.0,
    "meanResTime" : 384.5833333333333,
    "medianResTime" : 444.5,
    "minResTime" : 225.0,
    "maxResTime" : 458.0,
    "pct1ResTime" : 457.7,
    "pct2ResTime" : 458.0,
    "pct3ResTime" : 458.0,
    "throughput" : 1.026167265264238,
    "receivedKBytesPerSec" : 15.451633850692662,
    "sentKBytesPerSec" : 0.6223143278604412
  },
  "Sign Out-88" : {
    "transaction" : "Sign Out-88",
    "sampleCount" : 12,
    "errorCount" : 0,
    "errorPct" : 0.0,
    "meanResTime" : 241.08333333333331,
    "medianResTime" : 225.5,
    "minResTime" : 221.0,
    "maxResTime" : 376.0,
    "pct1ResTime" : 337.60000000000014,
    "pct2ResTime" : 376.0,
    "pct3ResTime" : 376.0,
    "throughput" : 1.0313708637730983,
    "receivedKBytesPerSec" : 5.00879619681994,
    "sentKBytesPerSec" : 0.6274844220025785
  },
  "Sign Out-87" : {
    "transaction" : "Sign Out-87",
    "sampleCount" : 12,
    "errorCount" : 0,
    "errorPct" : 0.0,
    "meanResTime" : 470.0,
    "medianResTime" : 455.0,
    "minResTime" : 431.0,
    "maxResTime" : 577.0,
    "pct1ResTime" : 567.1,
    "pct2ResTime" : 577.0,
    "pct3ResTime" : 577.0,
    "throughput" : 1.0133423408208073,
    "receivedKBytesPerSec" : 5.223067260597872,
    "sentKBytesPerSec" : 1.2419381227833135
  },
  "Proceed to checkout-84" : {
    "transaction" : "Proceed to checkout-84",
    "sampleCount" : 12,
    "errorCount" : 0,
    "errorPct" : 0.0,
    "meanResTime" : 238.66666666666669,
    "medianResTime" : 230.0,
    "minResTime" : 213.0,
    "maxResTime" : 319.0,
    "pct1ResTime" : 300.4000000000001,
    "pct2ResTime" : 319.0,
    "pct3ResTime" : 319.0,
    "throughput" : 1.0296010296010296,
    "receivedKBytesPerSec" : 4.245428464178464,
    "sentKBytesPerSec" : 0.6475225225225225
  },
  "Sign Out-87-0" : {
    "transaction" : "Sign Out-87-0",
    "sampleCount" : 12,
    "errorCount" : 0,
    "errorPct" : 0.0,
    "meanResTime" : 244.58333333333331,
    "medianResTime" : 227.5,
    "minResTime" : 210.0,
    "maxResTime" : 337.0,
    "pct1ResTime" : 328.90000000000003,
    "pct2ResTime" : 337.0,
    "pct3ResTime" : 337.0,
    "throughput" : 1.0337698139214335,
    "receivedKBytesPerSec" : 0.23219439179875948,
    "sentKBytesPerSec" : 0.6380298070296347
  },
  "Payment Confirmation-86" : {
    "transaction" : "Payment Confirmation-86",
    "sampleCount" : 12,
    "errorCount" : 12,
    "errorPct" : 100.0,
    "meanResTime" : 384.5833333333333,
    "medianResTime" : 444.5,
    "minResTime" : 225.0,
    "maxResTime" : 458.0,
    "pct1ResTime" : 457.7,
    "pct2ResTime" : 458.0,
    "pct3ResTime" : 458.0,
    "throughput" : 1.0273093057101275,
    "receivedKBytesPerSec" : 15.46883025853951,
    "sentKBytesPerSec" : 0.6230069129355363
  },
  "Sign Out-87-1" : {
    "transaction" : "Sign Out-87-1",
    "sampleCount" : 12,
    "errorCount" : 0,
    "errorPct" : 0.0,
    "meanResTime" : 224.83333333333334,
    "medianResTime" : 225.0,
    "minResTime" : 212.0,
    "maxResTime" : 239.0,
    "pct1ResTime" : 237.5,
    "pct2ResTime" : 239.0,
    "pct3ResTime" : 239.0,
    "throughput" : 1.0318142734307825,
    "receivedKBytesPerSec" : 5.08652192605331,
    "sentKBytesPerSec" : 0.6277541917454857
  },
  "Total" : {
    "transaction" : "Total",
    "sampleCount" : 156,
    "errorCount" : 12,
    "errorPct" : 7.6923075,
    "meanResTime" : 297.8397435897436,
    "medianResTime" : 234.5,
    "minResTime" : 210.0,
    "maxResTime" : 1446.0,
    "pct1ResTime" : 455.0,
    "pct2ResTime" : 548.9500000000002,
    "pct3ResTime" : 1188.930000000003,
    "throughput" : 9.606502863476816,
    "receivedKBytesPerSec" : 46.711187188250506,
    "sentKBytesPerSec" : 7.097713259745058
  },
  "Payment Address" : {
    "transaction" : "Payment Address",
    "sampleCount" : 12,
    "errorCount" : 0,
    "errorPct" : 0.0,
    "meanResTime" : 240.08333333333331,
    "medianResTime" : 237.5,
    "minResTime" : 217.0,
    "maxResTime" : 295.0,
    "pct1ResTime" : 281.50000000000006,
    "pct2ResTime" : 295.0,
    "pct3ResTime" : 295.0,
    "throughput" : 1.0295126973232671,
    "receivedKBytesPerSec" : 4.528247254632807,
    "sentKBytesPerSec" : 1.293928556108442
  },
  "Sign In" : {
    "transaction" : "Sign In",
    "sampleCount" : 12,
    "errorCount" : 0,
    "errorPct" : 0.0,
    "meanResTime" : 873.9166666666666,
    "medianResTime" : 824.0,
    "minResTime" : 441.0,
    "maxResTime" : 1695.0,
    "pct1ResTime" : 1558.2000000000005,
    "pct2ResTime" : 1695.0,
    "pct3ResTime" : 1695.0,