{
  "HTTP Request-3" : {
    "transaction" : "HTTP Request-3",
    "sampleCount" : 7,
    "errorCount" : 0,
    "errorPct" : 0.0,
    "meanResTime" : 187.85714285714286,
    "medianResTime" : 188.0,
    "minResTime" : 182.0,
    "maxResTime" : 194.0,
    "pct1ResTime" : 194.0,
    "pct2ResTime" : 194.0,
    "pct3ResTime" : 194.0,
    "throughput" : 6.951340615690168,
    "receivedKBytesPerSec" : 14.185855263157896,
    "sentKBytesPerSec" : 2.374006951340616
  },
  "HTTP Request-2" : {
    "transaction" : "HTTP Request-2",
    "sampleCount" : 7,
    "errorCount" : 0,
    "errorPct" : 0.0,
    "meanResTime" : 533.5714285714287,
    "medianResTime" : 533.0,
    "minResTime" : 499.0,
    "maxResTime" : 592.0,
    "pct1ResTime" : 592.0,
    "pct2ResTime" : 592.0,
    "pct3ResTime" : 592.0,
    "throughput" : 5.128205128205129,
    "receivedKBytesPerSec" : 8.276814331501832,
    "sentKBytesPerSec" : 1.312099358974359
  },
  "01" : {
    "transaction" : "01",
    "sampleCount" : 8,
    "errorCount" : 0,
    "errorPct" : 0.0,
    "meanResTime" : 459.125,
    "medianResTime" : 199.0,
    "minResTime" : 187.0,
    "maxResTime" : 1413.0,
    "pct1ResTime" : 1413.0,
    "pct2ResTime" : 1413.0,
    "pct3ResTime" : 1413.0,
    "throughput" : 0.1131829885968139,
    "receivedKBytesPerSec" : 0.568761097238335,
    "sentKBytesPerSec" : 0.06264302615941823
  },
  "HTTP Request-4" : {
    "transaction" : "HTTP Request-4",
    "sampleCount" : 7,
    "errorCount" : 0,
    "errorPct" : 0.0,
    "meanResTime" : 1204.857142857143,
    "medianResTime" : 1213.0,
    "minResTime" : 1124.0,
    "maxResTime" : 1275.0,
    "pct1ResTime" : 1275.0,
    "pct2ResTime" : 1275.0,
    "pct3ResTime" : 1275.0,
    "throughput" : 3.5122930255895635,
    "receivedKBytesPerSec" : 2751.910495327396,
    "sentKBytesPerSec" : 1.5875878073256398
  },
  "03" : {
    "transaction" : "03",
    "sampleCount" : 8,
    "errorCount" : 0,
    "errorPct" : 0.0,
    "meanResTime" : 195.375,
    "medianResTime" : 196.0,
    "minResTime" : 189.0,
    "maxResTime" : 201.0,
    "pct1ResTime" : 201.0,
    "pct2ResTime" : 201.0,
    "pct3ResTime" : 201.0,
    "throughput" : 0.11471343150891179,
    "receivedKBytesPerSec" : 0.4560531051491991,
    "sentKBytesPerSec" : 0.07931358350420854
  },
  "02_click on Fish" : {
    "transaction" : "02_click on Fish",
    "sampleCount" : 8,
    "errorCount" : 0,
    "errorPct" : 0.0,
    "meanResTime" : 194.625,
    "medianResTime" : 193.5,
    "minResTime" : 188.0,
    "maxResTime" : 208.0,
    "pct1ResTime" : 208.0,
    "pct2ResTime" : 208.0,
    "pct3ResTime" : 208.0,
    "throughput" : 0.11460332922671404,
    "receivedKBytesPerSec" : 0.4396112082055984,
    "sentKBytesPerSec" : 0.07565610405982294
  },
  "04" : {
    "transaction" : "04",
    "sampleCount" : 8,
    "errorCount" : 0,
    "errorPct" : 0.0,
    "meanResTime" : 198.125,
    "medianResTime" : 195.0,
    "minResTime" : 189.0,
    "maxResTime" : 227.0,
    "pct1ResTime" : 227.0,
    "pct2ResTime" : 227.0,
    "pct3ResTime" : 227.0,
    "throughput" : 0.11464603038119804,
    "receivedKBytesPerSec" : 0.42603203819145885,
    "sentKBytesPerSec" : 0.07358506198051018
  },
  "HTTP Request-1" : {
    "transaction" : "HTTP Request-1",
    "sampleCount" : 7,
    "errorCount" : 0,
    "errorPct" : 0.0,
    "meanResTime" : 376.7142857142857,
    "medianResTime" : 362.0,
    "minResTime" : 357.0,
    "maxResTime" : 426.0,
    "pct1ResTime" : 426.0,
    "pct2ResTime" : 426.0,
    "pct3ResTime" : 426.0,
    "throughput" : 5.737704918032787,
    "receivedKBytesPerSec" : 4.252849641393443,
    "sentKBytesPerSec" : 0.711609887295082
  },
  "HTTP Request-0" : {
    "transaction" : "HTTP Request-0",
    "sampleCount" : 7,
    "errorCount" : 0,
    "errorPct" : 0.0,
    "meanResTime" : 25.42857142857143,
    "medianResTime" : 22.0,
    "minResTime" : 19.0,
    "maxResTime" : 35.0,
    "pct1ResTime" : 35.0,
    "pct2ResTime" : 35.0,
    "pct3ResTime" : 35.0,
    "throughput" : 8.443908323281061,
    "receivedKBytesPerSec" : 5.005324562726177,
    "sentKBytesPerSec" : 0.9235524728588661
  },
  "01_open web page" : {
    "transaction" : "01_open web page",
    "sampleCount" : 8,
    "errorCount" : 0,
    "errorPct" : 0.0,
    "meanResTime" : 459.125,
    "medianResTime" : 199.0,
    "minResTime" : 187.0,
    "maxResTime" : 1413.0,
    "pct1ResTime" : 1413.0,
    "pct2ResTime" : 1413.0,
    "pct3ResTime" : 1413.0,
    "throughput" : 0.1120777819806946,
    "receivedKBytesPerSec" : 0.5632072720968352,
    "sentKBytesPerSec" : 0.06203133099370963
  },
  "03_Click on product Id" : {
    "transaction" : "03_Click on product Id",
    "sampleCount" : 8,
    "errorCount" : 0,
    "errorPct" : 0.0,
    "meanResTime" : 195.375,
    "medianResTime" : 196.0,
    "minResTime" : 189.0,
    "maxResTime" : 201.0,
    "pct1ResTime" : 201.0,
    "pct2ResTime" : 201.0,
    "pct3ResTime" : 201.0,
    "throughput" : 0.11467725519989679,
    "receivedKBytesPerSec" : 0.45590928312380846,
    "sentKBytesPerSec" : 0.07928857097805364
  },
  "04_Click on Item Id" : {
    "transaction" : "04_Click on Item Id",
    "sampleCount" : 8,
    "errorCount" : 0,
    "errorPct" : 0.0,
    "meanResTime" : 198.125,
    "medianResTime" : 195.0,
    "minResTime" : 189.0,
    "maxResTime" : 227.0,
    "pct1ResTime" : 227.0,
    "pct2ResTime" : 227.0,
    "pct3ResTime" : 227.0,
    "throughput" : 0.1147002738469038,
    "receivedKBytesPerSec" : 0.42623361040618235,
    "sentKBytesPerSec" : 0.07361987791589603
  },
  "02-2" : {
    "transaction" : "02-2",
    "sampleCount" : 8,
    "errorCount" : 0,
    "errorPct" : 0.0,
    "meanResTime" : 194.625,
    "medianResTime" : 193.5,
    "minResTime" : 188.0,
    "maxResTime" : 208.0,
    "pct1ResTime" : 208.0,
    "pct2ResTime" : 208.0,
    "pct3ResTime" : 208.0,
    "throughput" : 0.11469040758103594,
    "receivedKBytesPerSec" : 0.43994523533038005,
    "sentKBytesPerSec" : 0.07571358937966825
  },
  "HTTP Request 1" : {
    "transaction" : "HTTP Request 1",
    "sampleCount" : 200,
    "errorCount" : 0,
    "errorPct" : 0.0,
    "meanResTime" : 510.86999999999966,
    "medianResTime" : 514.0,
    "minResTime" : 356.0,
    "maxResTime" : 725.0,
    "pct1ResTime" : 629.8,
    "pct2ResTime" : 643.0,
    "pct3ResTime" : 691.8300000000002,
    "throughput" : 18.231540565177756,
    "receivedKBytesPerSec" : 84.69547629899726,
    "sentKBytesPerSec" : 2.1365086599817684
  },
  "Total" : {
    "transaction" : "Total",
    "sampleCount" : 273,
    "errorCount" : 0,
    "errorPct" : 0.0,
    "meanResTime" : 515.5897435897441,
    "medianResTime" : 431.0,
    "minResTime" : 19.0,
    "maxResTime" : 2418.0,
    "pct1ResTime" : 640.2,
    "pct2ResTime" : 1138.4000000000005,
    "pct3ResTime" : 2320.5,
    "throughput" : 3.0132571559849156E-4,
    "receivedKBytesPerSec" : 0.012485869596848434,
    "sentKBytesPerSec" : 6.67654538328689E-5
  },
  "HTTP Request" : {
    "transaction" : "HTTP Request",
    "sampleCount" : 6,
    "errorCount" : 0,
    "errorPct" : 0.0,
    "meanResTime" : 2317.5,
    "medianResTime" : 2310.5,
    "minResTime" : 2233.0,
    "maxResTime" : 2418.0,
    "pct1ResTime" : 2418.0,
    "pct2ResTime" : 2418.0,
    "pct3ResTime" : 2418.0,
    "throughput" : 1.925545571245186,
    "receivedKBytesPerSec" : 1518.3384397063542,
    "sentKBytesPerSec" : 2.47023928915276
  }
}